"year","month","customer","time_in_hr","total_earned_in_$"
"2023","10","A001-AIRTE","18.68","4272"
"2023","8","A007-ATR","0.67","4980"
"2023","2","A012-ALADD","42.6","9603"
"2023","5","A012-ALADD","17.89","9538.98"
"2024","4","A012-ALADD","22.41","10072.47"
"2024","10","A012-ALADD","14.049999999999999","10299"
"2023","1","A014-ADF","736.04","518929"
"2023","12","A014-ADF","5.72","2269.8"
"2024","5","A014-ADF","11.27","4056"
"2023","1","A029-A&ECO","6.17","24142.9"
"2023","3","A029-A&ECO","3.83","30768"
"2023","6","A029-A&ECO","2.5","2242.5"
"2023","7","A029-A&ECO","4.33","2088"
"2024","9","A029-A&ECO","0.22","14889.720000000001"
"2024","10","A029-A&ECO","0","990"
"2023","5","A038-ADVST","7.84","2928"
"2023","10","A038-ADVST","0","5910.8"
"2024","1","A038-ADVST","0","17184"
"2024","2","A038-ADVST","0","18076.8"
"2024","9","A038-ADVST","0","5456.96"
"2023","1","A045-AFS","127.44","120017.28"
"2023","2","A045-AFS","28.630000000000003","126807.40000000001"
"2023","3","A045-AFS","245.36","390840"
"2023","4","A045-AFS","65.96","327260.74"
"2023","5","A045-AFS","40.62","153258.7"
"2023","6","A045-AFS","68.92999999999999","301950"
"2023","7","A045-AFS","83.05","293425"
"2023","8","A045-AFS","238.16000000000008","516088.99999999994"
"2023","9","A045-AFS","111.33","91289.6"
"2023","10","A045-AFS","147.69","250623.76"
"2023","11","A045-AFS","97.21999999999998","396660"
"2023","12","A045-AFS","0","2367.4"
"2024","1","A045-AFS","19.86","103230"
"2024","2","A045-AFS","106.52","265917.5"
"2024","3","A045-AFS","241.83","250446"
"2024","4","A045-AFS","226.13000000000008","609438"
"2024","5","A045-AFS","91.36","123207.89"
"2024","6","A045-AFS","20.28","328591.26"
"2024","7","A045-AFS","41.02000000000001","253270"
"2023","1","A050-ALLVA","0","3347"
"2023","2","A050-ALLVA","14","13792.949999999999"
"2023","7","A050-ALLVA","10","85002"
"2023","9","A050-ALLVA","14","80874"
"2023","10","A050-ALLVA","23.84","57395.64"
"2024","2","A050-ALLVA","2.67","12393.599999999999"
"2024","3","A050-ALLVA","2.17","53082.35999999999"
"2024","4","A050-ALLVA","19.5","35224.08"
"2024","5","A050-ALLVA","2.9","30161.899999999994"
"2024","6","A050-ALLVA","11.429999999999998","78212.43"
"2024","7","A050-ALLVA","4.300000000000001","42577.45000000001"
"2024","8","A050-ALLVA","21.38","148783.68000000002"
"2024","9","A050-ALLVA","25.529999999999994","102962.91000000003"
"2024","10","A050-ALLVA","12.600000000000001","66431.87000000004"
"2023","7","A053-AIRMA","90.14999999999999","412692.4899999987"
"2023","9","A053-AIRMA","107.99999999999999","432147.6700000022"
"2023","10","A053-AIRMA","16.729999999999997","30505.54999999995"
"2023","11","A053-AIRMA","0","236"
"2024","2","A053-AIRMA","376.29","1075480.3299999963"
"2024","6","A053-AIRMA","5.16","12179.3"
"2024","8","A053-AIRMA","1.19","4997.839999999999"
"2024","9","A053-AIRMA","1.7800000000000002","16171.600000000002"
"2024","1","A054-AVAIL","5.03","11039.25"
"2024","2","A054-AVAIL","1.87","5454.6"
"2024","3","A054-AVAIL","0","7346"
"2024","4","A054-AVAIL","0","20392.6"
"2024","5","A054-AVAIL","0","67880.40000000001"
"2024","7","A054-AVAIL","10.2","25344"
"2024","8","A054-AVAIL","7.85","25573.76"
"2024","9","A054-AVAIL","1.85","8192"
"2024","10","A054-AVAIL","0","65822.2"
"2024","1","A055-AIG","0","965.1600000000001"
"2023","4","B002-BSAMA","0","18101.699999999997"
"2024","5","B002-BSAMA","10","30169.5"
"2024","7","B002-BSAMA","12","30169.500000000004"
"2023","11","B005-BNCHM","4.67","11899.2"
"2023","12","B005-BNCHM","1.33","706.04"
"2024","1","B005-BNCHM","1.17","9225"
"2024","2","B005-BNCHM","0","2278.8"
"2024","3","B005-BNCHM","12.83","5054.4"
"2024","4","B005-BNCHM","2.84","5400"
"2024","6","B005-BNCHM","0","1670.1600000000003"
"2024","7","B005-BNCHM","1.8599999999999999","5400"
"2023","2","B025-BANKP","1","25227.399999999994"
"2023","5","B025-BANKP","254.57000000000002","84061.79999999994"
"2023","9","B025-BANKP","7.18","9065.7"
"2023","10","B025-BANKP","11.309999999999999","4897.5"
"2023","11","B025-BANKP","15.92","72862.7"
"2023","12","B025-BANKP","0","0"
"2024","1","B025-BANKP","11.22","13196"
"2024","3","B025-BANKP","56.35","115998.28999999983"
"2024","4","B025-BANKP","27.310000000000002","105123.9800000001"
"2024","5","B025-BANKP","0","357.6"
"2023","1","B032-","83.28999999999999","173880"
"2023","6","B032-","17.66","57960"
"2023","8","B032-","1.17","12420"
"2023","10","B032-","27.17","107640"
"2024","10","B032-","17.51","63000"
"2024","2","B035-BAC","20.690000000000005","1047978.5600000013"
"2024","3","B035-BAC","90.53","4816179.039999967"
"2024","4","B035-BAC","161.82000000000002","8797532.160000063"
"2024","5","B035-BAC","168.34999999999988","9079101.540000066"
"2024","6","B035-BAC","319.85000000000014","20659627.440000024"
"2024","7","B035-BAC","214.24000000000012","12852644.639999963"
"2024","8","B035-BAC","591.6199999999997","31712374.880000263"
"2024","10","B035-BAC","82.50000000000003","9347377.920000048"
"2023","11","C005-CPELA","0","2440"
"2024","2","C005-CPELA","6.5","24622.64999999999"
"2024","3","C005-CPELA","1","1102.68"
"2024","8","C005-CPELA","0","964.8000000000001"
"2023","1","C006-C&DTE","13.61","30331.619999999988"
"2023","2","C006-C&DTE","21.4","81417.26000000002"
"2023","3","C006-C&DTE","18.44","141435.77999999997"
"2023","4","C006-C&DTE","40.74000000000001","219436.54999999978"
"2023","5","C006-C&DTE","174.01000000000005","372284.86000000016"
"2023","6","C006-C&DTE","120.05999999999996","258184.1000000003"
"2023","7","C006-C&DTE","30.760000000000005","54211.29999999997"
"2023","8","C006-C&DTE","81.36","179520.27000000005"
"2023","9","C006-C&DTE","259.41999999999985","114970.31999999998"
"2023","10","C006-C&DTE","85.65000000000002","72480.13000000008"
"2023","11","C006-C&DTE","44.96","191273.45000000004"
"2023","12","C006-C&DTE","18.940000000000005","128833.6"
"2024","1","C006-C&DTE","39.73","144351.44999999987"
"2024","2","C006-C&DTE","141.39","114693.01999999993"
"2024","3","C006-C&DTE","63.85","284717.9100000004"
"2024","4","C006-C&DTE","9.57","26789.169999999987"
"2024","5","C006-C&DTE","0.67","6262.550000000001"
"2023","3","C026-CRDM","11.17","71571.59999999998"
"2023","4","C026-CRDM","6.84","13626"
"2023","8","C026-CRDM","2.67","2494.8"
"2023","10","C026-CRDM","8.7","19440.899999999998"
"2024","3","C026-CRDM","4.34","5400"
"2024","4","C026-CRDM","18.56","19715"
"2024","7","C026-CRDM","2.94","19738.529999999995"
"2024","10","C026-CRDM","0","1220.94"
"2023","11","C037-CHRKE","34.09","10839.6"
"2023","1","C040-CTSNK","24.17","19327.379999999997"
"2023","6","C040-CTSNK","11.16","13278"
"2023","9","C040-CTSNK","55.67","47126.87999999999"
"2024","7","C040-CTSNK","0","2331.2"
"2024","9","C040-CTSNK","26.36","28800.3"
"2023","1","C048-C&CFA","1.83","0"
"2023","2","C054","0.5","1245.2"
"2023","3","C054","1.6800000000000002","1245.2"
"2023","10","C054","0","1245.2"
"2024","1","C054","2","4980.8"
"2023","1","C057-CAGES","138.39","3121261.499999998"
"2023","4","C057-CAGES","12.85","0"
"2023","5","C057-CAGES","199.86000000000013","5974820.049999982"
"2024","2","C057-CAGES","12.669999999999998","2842839.4800000093"
"2024","8","C057-CAGES","0.51","0"
"2023","1","C060-CREA","0","0"
"2023","7","C060-CREA","236.28999999999994","60501"
"2023","8","C060-CREA","3.53","8227.52"
"2023","10","C060-CREA","552.8700000000002","308782.44"
"2023","11","C060-CREA","14.52","12355.15"
"2024","1","C060-CREA","121.17","282959.27999999997"
"2024","2","C060-CREA","17.83","15236"
"2024","3","C060-CREA","5.5","4340"
"2024","4","C060-CREA","0.67","392.16"
"2024","5","C060-CREA","11.16","5605"
"2024","6","C060-CREA","22.009999999999998","14362.600000000002"
"2024","7","C060-CREA","6.92","14448"
"2024","8","C060-CREA","0.04","2016"
"2024","9","C060-CREA","1.37","35542.4"
"2024","10","C060-CREA","0.6","1034.8"
"2023","3","D002-DCRAF","1","6779.039999999997"
"2023","6","D002-DCRAF","0.67","3529.7999999999997"
"2023","11","D002-DCRAF","1.17","3529.7999999999997"
"2024","1","D002-DCRAF","2","1384.44"
"2024","6","D002-DCRAF","0","4537.3"
"2023","1","D011-DAIKI","9.16","67263.62"
"2023","3","D011-DAIKI","10.01","409060.7399999989"
"2023","4","D011-DAIKI","5.99","106514.09999999999"
"2023","6","D011-DAIKI","34.309999999999974","386807.80000000034"
"2023","7","D011-DAIKI","5.68","280574"
"2023","8","D011-DAIKI","8.99","280574"
"2023","9","D011-DAIKI","7.5","229986.20000000016"
"2023","10","D011-DAIKI","15.15","502346"
"2023","12","D011-DAIKI","6.18","203505.20000000013"
"2024","1","D011-DAIKI","14.68","280574"
"2024","2","D011-DAIKI","9.32","280574"
"2024","4","D011-DAIKI","13.01","354398.80000000057"
"2024","5","D011-DAIKI","5.59","79768.00000000004"
"2024","8","D011-DAIKI","6.289999999999999","332362.7999999997"
"2024","10","D011-DAIKI","2.58","122678.80000000008"
"2023","5","D015-DVSMA","0.17","668.7"
"2024","6","D015-DVSMA","2.67","964.26"
"2024","7","D015-DVSMA","0.35","1351.47"
"2023","6","D017-D&M","18.34","23100"
"2023","8","D017-D&M","14.5","4770"
"2024","2","D017-D&M","0.33","9186.66"
"2024","3","D017-D&M","2.17","3062.2200000000003"
"2024","5","D024-DES-C","0","478.79999999999995"
"2024","6","D024-DES-C","0","504.4799999999999"
"2024","7","D024-DES-C","2.5100000000000002","9287.6"
"2023","7","E004-ENVPR","0","85499.04000000002"
"2023","12","E004-ENVPR","1.17","19612.8"
"2024","9","E004-ENVPR","0","743.04"
"2023","6","E014-ENGMF","0","6739.200000000001"
"2023","12","E014-ENGMF","0","5896.799999999999"
"2024","9","E014-ENGMF","0","5580.9"
"2023","4","E023-ECI","7.67","8553.6"
"2023","5","E023-ECI","4.34","8553.6"
"2023","8","E023-ECI","19.5","7704"
"2023","7","E024-EMC","43.97","133420"
"2024","2","E024-EMC","1416.2200000000016","15000761"
"2024","3","E024-EMC","0","5454.120000000002"
"2024","4","E024-EMC","39.22","223392"
"2024","6","E024-EMC","2143.640000000007","28861000"
"2024","6","E027-ENERG","0","590.28"
"2024","8","E027-ENERG","1.7399999999999998","1102.5"
"2024","10","E027-ENERG","9.739999999999998","14017.920000000002"
"2023","2","F015-FORDM","47.49","9225"
"2023","3","F015-FORDM","18.83","42552"
"2023","4","F015-FORDM","28.49","11400"
"2023","7","F015-FORDM","15.5","11400"
"2023","8","F015-FORDM","6","3390"
"2023","9","F015-FORDM","4.83","3390"
"2023","11","F015-FORDM","26.01","11400"
"2024","2","F015-FORDM","50.66","27225"
"2024","5","F015-FORDM","17.17","9225"
"2024","6","F015-FORDM","9.87","14586"
"2024","8","F015-FORDM","1.07","12525"
"2024","9","F015-FORDM","1.8","16620"
"2024","10","F015-FORDM","5.52","6066"
"2023","5","F017-FASTE","4.17","2720"
"2023","6","F017-FASTE","3.67","2679.2"
"2024","9","F019-FSM","2.5700000000000003","41175.2"
"2024","1","F022-F&D","79.55","1565997.9999999995"
"2024","10","F022-F&D","5.3100000000000005","31557.600000000006"
"2023","1","F023-FIVES","10.579999999999998","10309.040000000006"
"2023","4","F023-FIVES","5.539999999999999","23342.640000000003"
"2023","5","F023-FIVES","0.5","492"
"2023","6","F023-FIVES","0.67","3366"
"2024","4","G016-GRNDW","0","117600"
"2024","7","G016-GRNDW","14.330000000000002","404135"
"2024","8","G016-GRNDW","28.04","302973"
"2024","9","G016-GRNDW","2.45","186963.71000000008"
"2024","10","G016-GRNDW","9.790000000000001","158904.04999999996"
"2023","5","H005-HAMES","0","2323.2799999999997"
"2023","7","H005-HAMES","0","4212.360000000001"
"2023","11","H005-HAMES","0","6541.5"
"2023","12","H005-HAMES","0","264.88"
"2024","1","H005-HAMES","0","716"
"2024","2","H005-HAMES","0","733"
"2024","5","H005-HAMES","0","3867"
"2024","9","H005-HAMES","0","12720"
"2024","10","H005-HAMES","0","701.6"
"2023","2","H014-HEATE","25.729999999999997","398051.5"
"2023","8","H014-HEATE","6","1627.5"
"2024","1","H014-HEATE","3.05","123581.5"
"2024","6","H014-HEATE","0.87","4943.26"
"2024","6","H018-HEIL","24.78","0"
"2024","7","H018-HEIL","17","166451.40000000002"
"2023","1","H026-HUSSM","16.84","101063.90000000002"
"2023","2","H026-HUSSM","179.85000000000002","383974.15"
"2023","3","H026-HUSSM","77.18","174413.45999999996"
"2023","4","H026-HUSSM","107.55000000000003","347741.36"
"2023","5","H026-HUSSM","171.70000000000002","494943.71999999945"
"2023","6","H026-HUSSM","48.84","145339.80000000002"
"2023","7","H026-HUSSM","99.47","346443.71999999986"
"2023","8","H026-HUSSM","236.20999999999995","357385.45"
"2023","9","H026-HUSSM","169.54999999999995","250404.76000000004"
"2023","10","H026-HUSSM","67.36","111553.92000000001"
"2023","11","H026-HUSSM","202.18","230141.2199999999"
"2023","12","H026-HUSSM","31.98","43066.5"
"2024","1","H026-HUSSM","107.19000000000003","428158.0200000001"
"2024","2","H026-HUSSM","102.86","491748.75000000006"
"2024","3","H026-HUSSM","78.17999999999999","134050.50000000006"
"2024","4","H026-HUSSM","50.82","114483.30000000002"
"2024","5","H026-HUSSM","31.5","78569.73000000003"
"2024","6","H026-HUSSM","22.86","54388.50000000001"
"2024","7","H026-HUSSM","109.79999999999998","163386.83"
"2024","8","H026-HUSSM","6.59","41558.4"
"2024","9","H026-HUSSM","4.960000000000001","17138.28"
"2024","10","H026-HUSSM","14.660000000000004","106798.65000000001"
"2023","1","H030-HARCO","0","38130.87999999998"
"2023","3","H030-HARCO","10.17","121950.96000000004"
"2023","4","H030-HARCO","0","323.28000000000003"
"2023","7","H030-HARCO","0","104538.78999999986"
"2023","9","H030-HARCO","0","457.4"
"2023","10","H030-HARCO","0","1094.4"
"2023","11","H030-HARCO","0","5669.699999999995"
"2024","1","H030-HARCO","0","2033.28"
"2024","2","H030-HARCO","0","51485.89999999996"
"2024","3","H030-HARCO","0","13765.499999999993"
"2024","4","H030-HARCO","0","27163.47999999999"
"2024","5","H030-HARCO","0","8199.460000000001"
"2024","6","H030-HARCO","2.67","25574.12999999998"
"2024","7","H030-HARCO","0.66","16309.170000000006"
"2024","8","H030-HARCO","0","6005.700000000001"
"2024","11","H030-HARCO","0","0"
"2023","2","H031-HYPER","0","338285.0400000001"
"2023","3","H031-HYPER","0","21570"
"2023","4","H031-HYPER","7","196917"
"2023","5","H031-HYPER","0","53462.99999999998"
"2023","6","H031-HYPER","3.83","30522.6"
"2023","7","H031-HYPER","4.16","4864"
"2023","8","H031-HYPER","25.009999999999998","104883.00000000004"
"2023","9","H031-HYPER","1.5","46561.62"
"2023","10","H031-HYPER","0.33","3216.6"
"2023","11","H031-HYPER","0","49228.19999999999"
"2023","12","H031-HYPER","17.5","19856.399999999994"
"2024","1","H031-HYPER","8.85","57076.79999999998"
"2024","2","H031-HYPER","0","29503.199999999993"
"2024","3","H031-HYPER","0","46830.96"
"2024","4","H031-HYPER","0","40179.600000000006"
"2024","5","H031-HYPER","4.17","1922.3999999999999"
"2024","6","H031-HYPER","0.9","116913.84000000003"
"2024","7","H031-HYPER","46.14","5817.5999999999985"
"2024","9","H031-HYPER","0","34556.99999999999"
"2024","11","H031-HYPER","0","20422.8"
"2024","9","H035-HUBNE","3.9199999999999995","26597.570000000014"
"2024","10","H035-HUBNE","0","120"
"2024","1","I016-INDPL","49.53","13884.720000000003"
"2024","3","I016-INDPL","9.08","1587.12"
"2024","4","I016-INDPL","16.580000000000002","12947.759999999998"
"2024","5","I016-INDPL","7.050000000000001","3976.08"
"2024","6","I016-INDPL","7.72","3268.56"
"2024","6","J006-JSPRM","0","3100"
"2023","12","J013-JLG","0","358.80000000000007"
"2024","1","J013-JLG","0","23.4"
"2023","1","K005-KGMFG","19.509999999999998","46919.639999999985"
"2023","4","K005-KGMFG","1.33","1306.35"
"2023","5","K005-KGMFG","28.669999999999998","70088.00999999998"
"2023","8","K005-KGMFG","12.84","5783.780000000001"
"2023","10","K005-KGMFG","25.53","66914.67000000001"
"2023","11","K005-KGMFG","31.020000000000003","3276"
"2023","1","K006-K&R","20.509999999999998","43063.5"
"2023","3","K006-K&R","53.81","160037.5"
"2023","5","K006-K&R","41.989999999999995","151178"
"2023","9","K006-K&R","58.089999999999996","282135"
"2023","12","K006-K&R","17.689999999999998","39700"
"2024","2","K006-K&R","39.85","419406"
"2024","5","K006-K&R","16.35","73625"
"2024","6","K006-K&R","0","1140"
"2024","7","K006-K&R","76.05000000000001","145620"
"2024","10","K006-K&R","14.559999999999999","48530"
"2023","1","K007-KENWO","200.80999999999997","629291.8999999991"
"2023","2","K007-KENWO","22.12","49146.799999999996"
"2023","3","K007-KENWO","69.06","154395.12000000002"
"2023","4","K007-KENWO","421.4000000000002","948438.5100000004"
"2023","5","K007-KENWO","18.53","53104.42"
"2023","6","K007-KENWO","16.04","31932.68"
"2023","7","K007-KENWO","68.7","106096.68"
"2023","8","K007-KENWO","20.66","91129.52999999998"
"2023","9","K007-KENWO","15.66","126843"
"2023","10","K007-KENWO","6.67","24420.81"
"2023","11","K007-KENWO","0","7920"
"2023","12","K007-KENWO","14.530000000000001","31888.71"
"2024","1","K007-KENWO","27.17","19842.48"
"2024","2","K007-KENWO","3.5","11664"
"2024","4","K007-KENWO","3.33","11880"
"2024","5","K007-KENWO","32.83","11576.849999999999"
"2024","9","K007-KENWO","0","2056.5"
"2023","5","K008-KINGI","0","141.81"
"2023","2","K009-KOMAT","0","5050"
"2023","1","K016-KELVI","28.719999999999995","174336.59000000003"
"2023","2","K016-KELVI","42.290000000000006","424627.87999999995"
"2023","3","K016-KELVI","3","23079.8"
"2023","4","K016-KELVI","0","1500"
"2023","5","K016-KELVI","7.18","3778.3"
"2023","6","K016-KELVI","14.85","129860.96000000008"
"2023","7","K016-KELVI","0.33","1013.64"
"2023","8","K016-KELVI","0.5","2508.4799999999996"
"2023","10","K016-KELVI","3.35","8620.140000000001"
"2023","12","K016-KELVI","11.05","13150.08"
"2024","1","K016-KELVI","0","3225"
"2024","2","K016-KELVI","118.94","242893.59999999986"
"2024","4","K016-KELVI","1.52","2193.6"
"2024","6","K016-KELVI","76.72999999999999","361348.26999999955"
"2024","7","K016-KELVI","100.44","6784.7199999999975"
"2024","8","K016-KELVI","37.56","21467.81"
"2024","10","K016-KELVI","96.88","474157.6400000001"
"2023","1","L005-LBGSY","8.66","7342.23"
"2023","2","L005-LBGSY","52.19","33257.54000000001"
"2023","3","L005-LBGSY","0.17","929.52"
"2023","4","L005-LBGSY","2.17","14037.080000000002"
"2023","5","L005-LBGSY","26.06","37360.4"
"2023","6","L005-LBGSY","43.379999999999995","30748.36"
"2023","7","L005-LBGSY","27.880000000000003","32131.359999999993"
"2023","8","L005-LBGSY","14.86","19821.839999999997"
"2023","9","L005-LBGSY","1.6600000000000001","5787"
"2023","10","L005-LBGSY","17.83","33250"
"2023","11","L005-LBGSY","84.14","85149.95999999999"
"2023","12","L005-LBGSY","1.5","3300"
"2024","1","L005-LBGSY","60.39","76852.88000000002"
"2024","2","L005-LBGSY","0","803.88"
"2024","3","L005-LBGSY","4.33","5358.24"
"2024","4","L005-LBGSY","2.67","5397"
"2024","5","L005-LBGSY","17.17","15943.199999999999"
"2024","8","L005-LBGSY","11.83","46247.12"
"2023","2","L010-LEGAC","0.5","3120"
"2023","12","L010-LEGAC","8.49","16714.8"
"2024","1","L010-LEGAC","0.34","1449.69"
"2024","5","L010-LEGAC","1.17","9925.11"
"2024","8","L010-LEGAC","2.7","5088"
"2024","10","L010-LEGAC","1.77","3276.24"
"2023","2","L012-LOZIE","59.5","173299.24"
"2023","3","L012-LOZIE","0","200958.76"
"2023","9","L012-LOZIE","0","0"
"2024","2","L012-LOZIE","0","73161.4"
"2023","9","L017-LINCO","0","3700"
"2024","6","L019-LEEMN","0","149659.68000000008"
"2023","1","M026-MIURA","338.59","1103178.4"
"2023","2","M026-MIURA","465.45999999999987","1324677.199999998"
"2023","3","M026-MIURA","139.03000000000003","559011.7399999994"
"2023","4","M026-MIURA","323.85","1289499.7000000002"
"2023","5","M026-MIURA","209.34","790130.2899999982"
"2023","6","M026-MIURA","883.2700000000003","1920662.5800000015"
"2023","7","M026-MIURA","120.9","178591.4299999999"
"2023","8","M026-MIURA","191","49165.75999999999"
"2023","9","M026-MIURA","310.92","733938.6300000008"
"2023","10","M026-MIURA","187.17000000000002","802949.2599999994"
"2023","11","M026-MIURA","240.31","621720.4299999996"
"2023","12","M026-MIURA","6.33","22481.140000000003"
"2024","1","M026-MIURA","211.22999999999996","469947.25999999954"
"2024","2","M026-MIURA","91.83","490387.3399999997"
"2024","3","M026-MIURA","299.1700000000001","663048.1999999991"
"2024","4","M026-MIURA","173.49","751306.0800000004"
"2024","5","M026-MIURA","108.76","667618.5400000014"
"2024","6","M026-MIURA","8.55","93417.51000000007"
"2024","7","M026-MIURA","52.699999999999996","1057570.2499999993"
"2024","8","M026-MIURA","15.919999999999998","208700.83000000007"
"2024","9","M026-MIURA","16.439999999999998","175253.11000000002"
"2024","10","M026-MIURA","17.26","21108.600000000013"
"2023","1","M029-MHF","29.160000000000004","55988.39999999999"
"2023","3","M029-MHF","18.34","11383.68"
"2023","4","M029-MHF","8.34","4878.719999999999"
"2023","5","M029-MHF","5.5","6897.5999999999985"
"2023","6","M029-MHF","16.33","22417.44"
"2023","8","M029-MHF","1.67","1488"
"2023","10","M029-MHF","1","1675.7999999999997"
"2023","11","M029-MHF","10.83","7810.919999999999"
"2023","12","M029-MHF","27.840000000000003","16587.84"
"2024","2","M029-MHF","5.33","6879.6"
"2024","3","M029-MHF","42.85","23799.840000000004"
"2023","1","M030-MORGO","1749.8600000000008","3332763.9500000062"
"2023","2","M030-MORGO","825.0999999999999","2163817.7500000037"
"2023","3","M030-MORGO","1821.1899999999994","4480151.160000007"
"2023","4","M030-MORGO","1494.5","2625012.320000004"
"2023","5","M030-MORGO","1632.0499999999981","3642454.8999999943"
"2023","6","M030-MORGO","1516.7600000000007","4503142.250000001"
"2023","7","M030-MORGO","961.5099999999999","4502638.720000001"
"2023","8","M030-MORGO","1435.8899999999994","2379805.8799999985"
"2023","9","M030-MORGO","1315.769999999999","2658957.3000000007"
"2023","10","M030-MORGO","742.7199999999995","1028125.9899999999"
"2023","11","M030-MORGO","253.06","527437.1200000001"
"2023","12","M030-MORGO","119.16999999999999","134636.80999999997"
"2024","1","M030-MORGO","414.6700000000001","358827.3900000002"
"2024","2","M030-MORGO","1725.5199999999993","2387769.7899999972"
"2024","3","M030-MORGO","85.59","234232.74000000005"
"2024","4","M030-MORGO","147.74999999999997","401327.35000000056"
"2024","5","M030-MORGO","881.89","1241479.1800000002"
"2024","6","M030-MORGO","348.26000000000005","386136.8199999999"
"2024","7","M030-MORGO","145.90000000000006","742161.5199999999"
"2024","8","M030-MORGO","385.42000000000024","1178934.250000001"
"2024","9","M030-MORGO","119.45000000000002","511329.2200000002"
"2024","10","M030-MORGO","121.5","285347.05"
"2024","11","M030-MORGO","0","967"
"2023","3","M036-MAGIC","3","1956"
"2023","8","M036-MAGIC","5.5","2445"
"2024","7","M036-MAGIC","0.68","2982.48"
"2023","3","M040-MORRI","4.05","71676.96000000002"
"2023","6","M040-MORRI","0.17","11170.86"
"2023","7","M040-MORRI","2.66","2025"
"2023","8","M040-MORRI","22.36","38254.560000000005"
"2023","9","M040-MORRI","42.18000000000001","1910.18"
"2023","10","M040-MORRI","14.33","113953.24000000005"
"2023","11","M040-MORRI","0.8300000000000001","15210"
"2023","12","M040-MORRI","27.44000000000003","288627.9900000003"
"2024","1","M040-MORRI","0","41980.950000000026"
"2024","2","M040-MORRI","0","177325.96000000002"
"2024","5","M040-MORRI","0","541902.9"
"2024","6","M040-MORRI","2.34","8431.56"
"2024","7","M040-MORRI","0","59816"
"2023","1","M044-MCFAB","0","6589.44"
"2023","3","M044-MCFAB","25.870000000000005","150376.0399999999"
"2023","4","M044-MCFAB","0","0"
"2023","6","M044-MCFAB","5.83","84000"
"2023","8","M044-MCFAB","58.52","219818.88000000006"
"2023","9","M044-MCFAB","0","1968"
"2023","12","M044-MCFAB","0.66","12000"
"2024","2","M044-MCFAB","0","11158.399999999998"
"2024","3","M044-MCFAB","2.33","166860.7800000001"
"2024","4","M044-MCFAB","0.67","48400"
"2024","5","M044-MCFAB","4.83","84000"
"2024","6","M044-MCFAB","0.38","49641.51999999999"
"2024","7","M044-MCFAB","0","0"
"2024","8","M044-MCFAB","4.48","14908.26000000001"
"2023","9","M045-MILLE","34.9","206258.39999999985"
"2023","11","M045-MILLE","21.78","63260.90000000004"
"2024","1","M045-MILLE","14.84","57722.28000000006"
"2024","2","M045-MILLE","18.11","136637.16999999998"
"2024","3","M045-MILLE","77.56","154325.5600000002"
"2024","4","M045-MILLE","3.19","1740.05"
"2024","5","M045-MILLE","25.430000000000003","133931.90000000008"
"2024","6","M045-MILLE","3.98","15969.45"
"2024","7","M045-MILLE","10.53","31933.749999999993"
"2024","8","M045-MILLE","11.600000000000001","21944.000000000004"
"2024","9","M045-MILLE","0","4137.3"
"2024","10","M045-MILLE","9.68","77886.96000000002"
"2023","11","M046-METCO","0","7570"
"2023","12","M046-METCO","46.26","27868.400000000005"
"2024","1","M046-METCO","124.64","8289.12"
"2024","2","M046-METCO","155.94","15263.680000000002"
"2024","3","M046-METCO","59.31","30880.539999999983"
"2024","4","M046-METCO","0","477.12"
"2024","5","M046-METCO","10.7","3453.8999999999996"
"2024","6","M046-METCO","0","6432.919999999998"
"2024","7","M046-METCO","0","742.16"
"2024","8","M046-METCO","0","976.0000000000001"
"2024","9","M046-METCO","0","1267.96"
"2024","10","M046-METCO","0","608.14"
"2024","3","M047-MTLWR","0","13957.339999999998"
"2024","4","M047-MTLWR","0","538757"
"2024","5","M047-MTLWR","0","126727.29999999997"
"2024","6","M047-MTLWR","0","38882.880000000005"
"2024","7","M047-MTLWR","0.07999999999999999","271716.19999999984"
"2024","8","M047-MTLWR","0","87914.12000000001"
"2024","9","M047-MTLWR","0.18","74780.93999999996"
"2024","10","M047-MTLWR","0","65851.79999999996"
"2024","11","M047-MTLWR","0","3866.16"
"2024","6","M049-MASTE","118.74","105207.98"
"2024","7","M049-MASTE","25.669999999999998","51919.61"
"2024","8","M049-MASTE","27.22","39985.5"
"2024","9","M049-MASTE","0.76","8490"
"2024","10","M049-MASTE","0.52","3121.5"
"2023","6","N008-NOVEL","6.36","27481.679999999997"
"2023","11","N008-NOVEL","0","1120"
"2023","1","N012-NICHF","11.23","20000"
"2023","2","N012-NICHF","15.260000000000002","17631"
"2023","3","N012-NICHF","12.08","48090.46999999997"
"2023","4","N012-NICHF","7.23","15476.720000000003"
"2023","5","N012-NICHF","0.52","4152.75"
"2023","6","N012-NICHF","27.58","36486.76000000002"
"2023","7","N012-NICHF","5.52","4469.700000000001"
"2023","8","N012-NICHF","19.2","35442.200000000004"
"2023","9","N012-NICHF","9.89","13722.799999999996"
"2023","10","N012-NICHF","10.04","13662"
"2023","11","N012-NICHF","4.85","7200"
"2023","12","N012-NICHF","0.5","4619.52"
"2024","1","N012-NICHF","0.67","4369.919999999999"
"2024","2","N012-NICHF","2.51","9923.3"
"2024","3","N012-NICHF","19.05","56344.43999999999"
"2024","4","N012-NICHF","84.19","171555.26999999996"
"2024","5","N012-NICHF","3.0500000000000003","15434.56"
"2024","6","N012-NICHF","25.56","25819.69999999999"
"2024","7","N012-NICHF","8.909999999999998","65491.52000000003"
"2024","8","N012-NICHF","6.19","83138.6"
"2024","9","N012-NICHF","8.229999999999999","89363.19999999994"
"2024","10","N012-NICHF","3.19","18128.999999999996"
"2023","1","N016-NANOL","44.53","118512"
"2023","2","N016-NANOL","5.67","36090"
"2023","3","N016-NANOL","41.220000000000006","131676.5"
"2023","4","N016-NANOL","37.330000000000005","186822.77999999982"
"2023","5","N016-NANOL","78.86999999999999","73977.25"
"2023","6","N016-NANOL","12.83","7590"
"2023","7","N016-NANOL","8.86","221960.6799999997"
"2023","8","N016-NANOL","43.72","86012"
"2023","9","N016-NANOL","3.16","6840"
"2023","10","N016-NANOL","88.71","72999.4"
"2024","1","N016-NANOL","231.45","269994.3"
"2024","3","N016-NANOL","2.9999999999999996","187613.99999999997"
"2024","5","N016-NANOL","40.03","79155"
"2024","7","N016-NANOL","10.95","79155"
"2024","8","N016-NANOL","7.710000000000002","79155"
"2024","10","N016-NANOL","16.45","80874"
"2023","5","N020-NEXT","7","7677.5"
"2023","10","N020-NEXT","0.83","10946"
"2024","2","N020-NEXT","0.33","10830"
"2024","4","N020-NEXT","2.33","8463"
"2024","8","N020-NEXT","0","3725.6000000000004"
"2023","3","P009-PROTE","0","1326.75"
"2024","5","P009-PROTE","0","1365.75"
"2024","8","P009-PROTE","0.32","2731.5"
"2024","10","P009-PROTE","0.28","2166.75"
"2023","1","P013-PENSA","0.17","150"
"2023","2","P013-PENSA","0","709.5"
"2023","3","P013-PENSA","30.519999999999996","418211.6600000001"
"2023","4","P013-PENSA","6.49","14880.810000000005"
"2023","5","P013-PENSA","67.64","432642.81999999995"
"2023","6","P013-PENSA","18.92","21816.140000000007"
"2024","2","P013-PENSA","74.23","907633.7200000001"
"2024","3","P013-PENSA","0","387"
"2024","6","P013-PENSA","0","150"
"2024","7","P013-PENSA","122.80000000000001","808890.3799999984"
"2024","8","P013-PENSA","0.24","4563.5"
"2023","1","P014-PRMPT","0","2000.4"
"2023","2","P014-PRMPT","3.21","5192.000000000001"
"2023","6","P014-PRMPT","2.0100000000000002","4556.4"
"2023","7","P014-PRMPT","0","3200"
"2023","8","P014-PRMPT","17.68","3000.69"
"2023","9","P014-PRMPT","25.68","22337.600000000002"
"2023","2","P023-PRTNL","0","2820"
"2023","3","P023-PRTNL","0","1275"
"2024","4","P023-PRTNL","0","1348.17"
"2024","6","P023-PRTNL","0","4176"
"2023","5","P025-PROCB","0","1924.8"
"2023","1","P031-PURSU","2.66","14000"
"2023","11","P031-PURSU","0.33","15400"
"2024","8","R002-ROADT","3.95","15540"
"2024","10","R002-ROADT","3.9000000000000004","11441.999999999998"
"2023","6","R023-ROBNS","10.209999999999999","50620.31999999998"
"2023","1","R024-RAINB","5","43247.76000000001"
"2023","2","R024-RAINB","3","8833"
"2023","3","R024-RAINB","8.16","29378.879999999994"
"2023","5","R024-RAINB","4.32","36609.12000000001"
"2023","7","R024-RAINB","2.66","18917.280000000002"
"2023","8","R024-RAINB","5.66","28101.480000000003"
"2023","9","R024-RAINB","8.18","21753.180000000004"
"2023","10","R024-RAINB","8.33","43724.87999999999"
"2024","1","R024-RAINB","7.17","46017.66000000002"
"2024","2","R024-RAINB","0","4788"
"2024","3","R024-RAINB","3.17","33343.08000000001"
"2024","5","R024-RAINB","1","14732.640000000001"
"2024","6","R024-RAINB","1.17","2610"
"2024","7","R024-RAINB","1.8900000000000001","38138.560000000005"
"2024","8","R024-RAINB","0.57","18917.280000000002"
"2024","9","R024-RAINB","1.94","26403"
"2024","10","R024-RAINB","1.23","3225.8999999999996"
"2023","1","R029-RUSTI","1.83","18102.399999999998"
"2023","2","R029-RUSTI","9.36","6000"
"2023","6","R029-RUSTI","10.45","1493424.0400000028"
"2023","7","R029-RUSTI","143.86","234600"
"2023","8","R029-RUSTI","9.88","114000"
"2023","9","R029-RUSTI","8.5","3200"
"2023","9","S001-SISKI","9.34","5025"
"2024","4","S001-SISKI","10.5","6030"
"2023","1","S002-SREIL","570.6899999999997","2172918.1900000023"
"2023","2","S002-SREIL","87.87000000000002","178547.96999999983"
"2023","3","S002-SREIL","371.56000000000006","334627.8599999998"
"2023","4","S002-SREIL","133.76","227767.37"
"2023","5","S002-SREIL","809.59","2990481.7300000056"
"2023","6","S002-SREIL","140.32","264883.55000000005"
"2023","7","S002-SREIL","182.47999999999993","477941.14000000054"
"2023","8","S002-SREIL","225.6400000000001","549006.4400000005"
"2023","9","S002-SREIL","419.73","338208.47000000015"
"2023","10","S002-SREIL","235.27000000000007","531168.0800000007"
"2023","11","S002-SREIL","121.27000000000001","228967.16999999966"
"2023","12","S002-SREIL","75.14000000000001","455494.60000000015"
"2024","1","S002-SREIL","219.52000000000004","518882.00000000023"
"2024","2","S002-SREIL","396.14000000000004","1469684.8799999976"
"2024","3","S002-SREIL","159.10999999999999","718281.3899999985"
"2024","4","S002-SREIL","224.0200000000001","682324.6200000006"
"2024","5","S002-SREIL","170.4","318234.5799999999"
"2024","6","S002-SREIL","477.0399999999999","1260511.2199999997"
"2024","7","S002-SREIL","261.76","1657874.9199999957"
"2024","8","S002-SREIL","73.11999999999999","472724.7099999999"
"2024","9","S002-SREIL","31.199999999999996","149962.64"
"2024","10","S002-SREIL","7.11","10287.41"
"2024","6","S024-SMF","0","349.04"
"2023","1","S025-SAKAI","8.86","56354.71999999999"
"2023","2","S025-SAKAI","1022.1799999999996","3356914.0000000317"
"2023","3","S025-SAKAI","242.59000000000006","648889.3900000013"
"2023","4","S025-SAKAI","38.07","216872.83000000016"
"2023","5","S025-SAKAI","143.38999999999996","911458.3000000011"
"2023","6","S025-SAKAI","1252.0799999999995","3847247.4400000083"
"2023","7","S025-SAKAI","271.1800000000001","767714.2599999992"
"2023","8","S025-SAKAI","1427.4899999999998","4726605.980000001"
"2023","9","S025-SAKAI","7.9","23892.599999999995"
"2023","10","S025-SAKAI","1287.6099999999974","5117808.989999973"
"2023","11","S025-SAKAI","141.24999999999997","2169240.36"
"2023","12","S025-SAKAI","81.50000000000001","449805.05000000016"
"2024","1","S025-SAKAI","1858.3800000000033","5277646.20000002"
"2024","2","S025-SAKAI","0","4972.200000000001"
"2024","3","S025-SAKAI","1476.1799999999898","11312364.450000098"
"2024","4","S025-SAKAI","396.91","3877828.6500000055"
"2024","5","S025-SAKAI","42.4","905041.4400000004"
"2024","6","S025-SAKAI","14.079999999999998","156626.88"
"2024","7","S025-SAKAI","57.60000000000003","427707.94000000105"
"2024","6","S027-SCT","0.6799999999999999","380.52"
"2023","1","S028-SAWTR","317.58000000000004","853995.6999999996"
"2023","3","S028-SAWTR","40.989999999999995","90635.00000000001"
"2023","5","S028-SAWTR","41.48","110472.39000000004"
"2023","7","S028-SAWTR","26.72","49461.6"
"2023","8","S028-SAWTR","33.26","70608.80000000002"
"2023","9","S028-SAWTR","0","13260"
"2023","10","S028-SAWTR","37.16","46230"
"2023","11","S028-SAWTR","10.03","19920"
"2023","12","S028-SAWTR","309.62000000000006","623310.6900000003"
"2024","1","S028-SAWTR","14.21","19920"
"2024","2","S028-SAWTR","17.72","46000"
"2024","3","S028-SAWTR","271.56","91506.80000000002"
"2024","4","S028-SAWTR","32.22","266668.87999999983"
"2024","5","S028-SAWTR","0","16475.92"
"2024","6","S028-SAWTR","3.85","46000"
"2024","7","S028-SAWTR","3.81","21779.16"
"2023","1","S038-STLKI","149.84999999999997","438293.0000000002"
"2023","2","S038-STLKI","95.07","362037.19999999995"
"2023","3","S038-STLKI","192.56","308410.7900000001"
"2023","4","S038-STLKI","93.44","190273.8"
"2023","5","S038-STLKI","81.96","346793.6999999999"
"2023","6","S038-STLKI","88.74000000000001","456680.0799999999"
"2023","7","S038-STLKI","114.91999999999999","486336.3700000006"
"2023","8","S038-STLKI","118.24999999999999","132877.96000000002"
"2023","9","S038-STLKI","684.8299999999999","1430845.9299999995"
"2023","10","S038-STLKI","379.18","281897.75"
"2023","11","S038-STLKI","55.07000000000001","275781.70000000007"
"2023","12","S038-STLKI","30.229999999999997","85811.43"
"2024","1","S038-STLKI","133.49","351983.7500000001"
"2024","2","S038-STLKI","124.09","631639.7"
"2024","3","S038-STLKI","34.38","93045.83999999998"
"2024","4","S038-STLKI","164.04000000000002","304873.6200000001"
"2024","5","S038-STLKI","77","373944.10000000003"
"2024","6","S038-STLKI","55.92","108711.41999999994"
"2024","7","S038-STLKI","22.26000000000001","201001.67000000004"
"2024","8","S038-STLKI","0.67","172508.75"
"2024","9","S038-STLKI","4.959999999999999","186187.77000000002"
"2024","10","S038-STLKI","27.03","230785.2599999998"
"2024","11","S038-STLKI","0.56","6886.950000000001"
"2023","1","S039-SMI","447.03999999999996","1910625.2000000055"
"2023","2","S039-SMI","0.35","9553586.599999998"
"2023","3","S039-SMI","233.73000000000002","541781.78"
"2023","4","S039-SMI","34.84","108581.73000000001"
"2023","5","S039-SMI","84.20000000000002","174847.97999999984"
"2023","6","S039-SMI","232.76","98462.8"
"2023","7","S039-SMI","102.49000000000001","161420"
"2023","8","S039-SMI","273.04","171756.42"
"2023","9","S039-SMI","55","47167.5"
"2023","10","S039-SMI","220.95","79851.6"
"2023","11","S039-SMI","120.47999999999999","51437.12"
"2023","12","S039-SMI","4.72","1687.3"
"2024","1","S039-SMI","2699.2899999999977","1209877.0699999996"
"2024","2","S039-SMI","180.09999999999997","806273.4199999988"
"2024","3","S039-SMI","95.22","144720.67"
"2024","4","S039-SMI","0","0"
"2024","5","S039-SMI","2.52","960.3499999999999"
"2024","6","S039-SMI","1.63","248622.26000000013"
"2024","7","S039-SMI","2.17","728441.7999999988"
"2024","8","S039-SMI","0","269455.0399999998"
"2024","9","S039-SMI","4.939999999999999","1576036.840000006"
"2024","10","S039-SMI","1.53","153342.39000000004"
"2024","11","S039-SMI","0","24409.059999999998"
"2023","1","S046-SPOC","61.58","51767.32000000002"
"2023","2","S046-SPOC","69.92999999999999","223756.63999999998"
"2023","3","S046-SPOC","405.8299999999999","873197.8"
"2023","4","S046-SPOC","314.18","547572.1199999996"
"2023","5","S046-SPOC","687.2400000000002","2120890.9199999906"
"2023","6","S046-SPOC","419.97000000000014","371897.54999999964"
"2023","7","S046-SPOC","127.69999999999997","413943.22000000015"
"2023","8","S046-SPOC","59.03","198160.98999999993"
"2023","9","S046-SPOC","1109.9599999999998","186716.15999999992"
"2023","10","S046-SPOC","550.7099999999999","442018.3899999999"
"2023","11","S046-SPOC","169.89000000000004","340764.3"
"2023","12","S046-SPOC","60.580000000000005","108220.84000000005"
"2024","1","S046-SPOC","70.89000000000001","148569.53000000023"
"2024","2","S046-SPOC","16.27","129374.4199999997"
"2024","3","S046-SPOC","462.7300000000001","1722592.4200000043"
"2024","4","S046-SPOC","45.339999999999996","154559.22999999992"
"2024","5","S046-SPOC","181.18000000000006","308195.8300000002"
"2024","6","S046-SPOC","73.21","388829.45999999996"
"2024","7","S046-SPOC","46.81999999999999","194416.18999999983"
"2024","8","S046-SPOC","15.26","127976.74"
"2024","9","S046-SPOC","45.26000000000001","160947.79999999993"
"2024","10","S046-SPOC","314.44","364248.4799999998"
"2024","11","S046-SPOC","0.72","2457.4500000000003"
"2023","1","T011-T&RFI","1.5","111181.94999999994"
"2023","2","T026-TALOS","38.5","144331.91999999998"
"2023","3","T026-TALOS","0","30780.72"
"2023","5","T026-TALOS","1.34","2772.96"
"2024","2","T026-TALOS","253.19999999999996","663906.6999999987"
"2024","3","T026-TALOS","0","61.650000000000006"
"2024","4","T026-TALOS","2.33","7634.890000000001"
"2024","5","T026-TALOS","2.7","138339.93999999997"
"2024","6","T026-TALOS","2.16","12936"
"2024","8","T026-TALOS","0","4762.65"
"2024","9","T026-TALOS","2.0300000000000002","34600.72"
"2024","10","T026-TALOS","0","1873.56"
"2023","6","T040-TURBO","67.08","60360"
"2024","4","T040-TURBO","48.02","70200"
"2023","1","T042-TRIAN","0","382.14"
"2023","2","T042-TRIAN","0","518"
"2023","3","T042-TRIAN","0","750"
"2023","4","T042-TRIAN","0","0"
"2023","10","T042-TRIAN","0.33","2477.1600000000003"
"2023","12","T042-TRIAN","0","288"
"2024","8","T042-TRIAN","0","424.6"
"2023","1","T049-TRU-C","1.35","0"
"2023","8","T049-TRU-C","6.369999999999999","750"
"2023","9","T049-TRU-C","219.64","46385.97"
"2024","5","T051-TOYOT","0.67","2250"
"2024","10","T053","0","1754.44"
"2023","1","U002-UENRT","400.38","166400"
"2023","3","U002-UENRT","1","930"
"2023","5","U002-UENRT","73.32","41600"
"2023","6","U002-UENRT","0","1996"
"2023","7","U002-UENRT","0","3992"
"2023","8","U002-UENRT","125.35","254780"
"2023","11","U002-UENRT","61.66","41600"
"2023","12","U002-UENRT","0","3992"
"2024","1","U002-UENRT","98.28","41600"
"2024","3","U002-UENRT","168.76","52000"
"2024","5","U002-UENRT","215.11000000000004","139820"
"2024","8","U002-UENRT","0.56","1562.5"
"2024","9","U002-UENRT","81.34","52000"
"2023","3","U013-ULTIM","5.66","151250"
"2023","4","U013-ULTIM","0","27000"
"2023","5","U013-ULTIM","86.06","119210.00000000001"
"2023","6","U013-ULTIM","4.52","0"
"2023","8","U013-ULTIM","131.65","203312.99999999997"
"2023","10","U013-ULTIM","97.82","175041.9"
"2023","11","U013-ULTIM","0","1080"
"2024","3","U013-ULTIM","151.27","173548.99999999997"
"2024","5","U013-ULTIM","0","0"
"2024","8","U013-ULTIM","144.18000000000004","101608.29999999999"
"2024","10","U013-ULTIM","0.44","1366"
"2023","2","V004-VIBRO","0.85","4236"
"2023","3","V004-VIBRO","1.35","2552"
"2023","4","V004-VIBRO","3.02","4560"
"2023","7","V004-VIBRO","5.68","2552"
"2023","8","V004-VIBRO","39.1","4236"
"2023","11","V004-VIBRO","0","3280"
"2023","12","V004-VIBRO","6.44","2436"
"2024","2","V004-VIBRO","4.09","2280"
"2024","4","V004-VIBRO","11.1","6916"
"2024","5","V004-VIBRO","4.58","4832"
"2024","7","V004-VIBRO","3.87","3280"
"2024","8","V004-VIBRO","3.18","4236"
"2023","1","V006-VONGA","2.0100000000000002","57733.39999999998"
"2023","1","V007-VNDRL","218.74","496680.2399999998"
"2023","2","V007-VNDRL","5.35","19783.319999999996"
"2023","3","V007-VNDRL","0","8176.679999999999"
"2023","5","V007-VNDRL","246.71","252200"
"2023","6","V007-VNDRL","65.02000000000001","254580"
"2023","7","V007-VNDRL","201.16","314409.9600000002"
"2023","8","V007-VNDRL","585.14","583803.1900000001"
"2023","9","V007-VNDRL","511.7500000000001","1474816.129999998"
"2023","10","V007-VNDRL","5.52","5464.240000000001"
"2023","11","V007-VNDRL","16.04","69994.43999999994"
"2023","12","V007-VNDRL","18.03","67071.11000000002"
"2024","1","V007-VNDRL","42.51","101906.82000000008"
"2024","2","V007-VNDRL","295.61000000000007","584967.5599999994"
"2024","3","V007-VNDRL","95.27999999999999","249328.16"
"2024","4","V007-VNDRL","17.55","54282.160000000025"
"2024","5","V007-VNDRL","159.47000000000006","512626.73000000056"
"2024","6","V007-VNDRL","320.30999999999995","407624.8599999996"
"2024","7","V007-VNDRL","3.9699999999999998","84039.98"
"2024","8","V007-VNDRL","35.31999999999999","38366.89999999997"
"2024","9","V007-VNDRL","3.83","13106.159999999996"
"2024","10","V007-VNDRL","7.14","7254.81"
"2023","10","V008-VT&M","1.5","21.26"
"2023","11","V008-VT&M","2.33","11266.060000000001"
"2024","2","V008-VT&M","41.03","497268"
"2024","4","V008-VT&M","0","37.48"
"2023","10","V009-VERME","1.19","2532"
"2023","6","W004-WESLE","1.17","964.1999999999999"
"2023","8","W004-WESLE","1.17","391.79999999999995"
"2023","10","W004-WESLE","0.83","822.3000000000001"
"2024","2","W004-WESLE","1","2820.6"
"2024","3","W004-WESLE","0.5","846.18"
"2024","7","W004-WESLE","1.0699999999999998","2505.0600000000004"
"2023","3","W006-WELD","19.24","61845"
"2023","8","W006-WELD","14.39","36900"
"2023","12","W006-WELD","29.9","57995.3"
"2024","4","W006-WELD","69.63","59095"
"2024","6","W006-WELD","2.38","19637.5"
"2024","9","W006-WELD","0.73","19637.5"
"2023","1","W007-WAHSE","0","14552.999999999998"
"2023","2","W007-WAHSE","22.5","31680.600000000002"
"2023","5","W007-WAHSE","138.81","88420.79999999997"
"2023","6","W007-WAHSE","24.89","40817.399999999994"
"2023","7","W007-WAHSE","29.71","49186.6"
"2023","8","W007-WAHSE","88.44999999999999","91746.25"
"2023","9","W007-WAHSE","71.34","36672"
"2024","1","W007-WAHSE","15.57","33270.7"
"2024","2","W007-WAHSE","24.85","39094.94"
"2024","3","W007-WAHSE","65.06","126050.84"
"2024","4","W007-WAHSE","8.04","14303.5"
"2024","5","W007-WAHSE","10.2","24840"
"2024","6","W007-WAHSE","0","3828"
"2024","7","W007-WAHSE","62.68","224891.82999999993"
"2024","8","W007-WAHSE","1.47","2250"
"2024","9","W007-WAHSE","32.85","98784.84999999998"
"2023","2","Y001-YOKOG","0.35","5726.599999999999"
"2023","4","Y001-YOKOG","0","0"
"2023","9","Y001-YOKOG","7.199999999999999","32562"
"2023","1","Y002-YNGTC","6279.390000000018","47433104.45000015"
"2023","2","Y002-YNGTC","673.6199999999999","1622164.429999999"
"2023","3","Y002-YNGTC","1200.1000000000015","5939803.650000001"
"2023","5","Y002-YNGTC","683.4799999999998","71327663.73999959"
"2023","6","Y002-YNGTC","771.8199999999997","3956600.580000002"
"2023","7","Y002-YNGTC","83.39","123353.8"
"2023","8","Y002-YNGTC","1242.1999999999994","25438839.050000202"
"2023","9","Y002-YNGTC","4313.570000000001","52359636.639999405"
"2023","10","Y002-YNGTC","4561.629999999995","51768251.95999966"
"2023","11","Y002-YNGTC","65.50999999999996","42319.25"
"2023","12","Y002-YNGTC","1635.2199999999991","84000242.11999938"
"2024","1","Y002-YNGTC","6856.670000000087","105656356.91999981"
"2024","2","Y002-YNGTC","106.63","470479.8999999998"
"2024","3","Y002-YNGTC","3446.8800000000083","79022712.60999905"
"2024","4","Y002-YNGTC","4230.930000000001","8619992.269999977"
"2024","5","Y002-YNGTC","245.65","1458177.8400000029"
"2024","6","Y002-YNGTC","24.159999999999997","219431.88"
"2024","7","Y002-YNGTC","87.37000000000002","256306.17000000004"
"2024","8","Y002-YNGTC","529.05","18699996.28000007"
"2024","9","Y002-YNGTC","16.03","42857.95"
"2024","10","Y002-YNGTC","0","374.1"
